ID,R2 Key,Metadata,Loan ID,Created At
cmlfhkrzb000kp30q1rvnp4z4,loans/cmlfg5yy50002p30qqaulrt6x/cmlfhkrzb000kp30q1rvnp4z4.jpg,"{""originalName"":""Bone Gummies (60) 3.jpg"",""mimeType"":""image/jpeg"",""size"":576018}",cmlfhktw6000pp30q91raumod,2026-02-09T18:09:14.617Z
cmlfhkrzb000lp30qepvzqaf0,loans/cmlfg5yy50002p30qqaulrt6x/cmlfhkrzb000lp30qepvzqaf0.jpg,"{""originalName"":""Bone Gummies (60) 5.jpg"",""mimeType"":""image/jpeg"",""size"":1163107}",cmlfhktw6000pp30q91raumod,2026-02-09T18:09:14.618Z
cmlfhkrzd000mp30q88w4n216,loans/cmlfg5yy50002p30qqaulrt6x/cmlfhkrzd000mp30q88w4n216.jpg,"{""originalName"":""Bone Gummies (60) 4.jpg"",""mimeType"":""image/jpeg"",""size"":970957}",cmlfhktw6000pp30q91raumod,2026-02-09T18:09:14.618Z
cmlfhkrzg000np30qk421qpog,loans/cmlfg5yy50002p30qqaulrt6x/cmlfhkrzg000np30qk421qpog.jpg,"{""originalName"":""Bone Gummies (60) 7.jpg"",""mimeType"":""image/jpeg"",""size"":1300397}",cmlfhktw6000pp30q91raumod,2026-02-09T18:09:14.618Z
cmlfggl480007p30qduic9uxe,loans/cmlfg5yy50002p30qqaulrt6x/cmlfggl480007p30qduic9uxe.jpg,"{""originalName"":""Biotin Gummy (60) 1.jpg"",""mimeType"":""image/jpeg"",""size"":815877}",cmlfggn49000fp30qftxqp2a0,2026-02-09T17:37:59.527Z
cmlfggl580009p30qasx6bzla,loans/cmlfg5yy50002p30qqaulrt6x/cmlfggl580009p30qasx6bzla.jpg,"{""originalName"":""Biotin Gummy (60) 7.jpg"",""mimeType"":""image/jpeg"",""size"":530969}",cmlfggn49000fp30qftxqp2a0,2026-02-09T17:37:59.527Z
cmlfggl570008p30qjcjwxcqh,loans/cmlfg5yy50002p30qqaulrt6x/cmlfggl570008p30qjcjwxcqh.jpg,"{""originalName"":""Biotin Gummy (60) 2.jpg"",""mimeType"":""image/jpeg"",""size"":613450}",cmlfggn49000fp30qftxqp2a0,2026-02-09T17:37:59.527Z
cmlfggl5b000ap30qcxogjpd7,loans/cmlfg5yy50002p30qqaulrt6x/cmlfggl5b000ap30qcxogjpd7.jpg,"{""originalName"":""Biotin Gummy (60) 3.jpg"",""mimeType"":""image/jpeg"",""size"":667349}",cmlfggn49000fp30qftxqp2a0,2026-02-09T17:37:59.528Z
cmlfggl5b000bp30qqgvl1ycb,loans/cmlfg5yy50002p30qqaulrt6x/cmlfggl5b000bp30qqgvl1ycb.jpg,"{""originalName"":""Biotin Gummy (60) 5.jpg"",""mimeType"":""image/jpeg"",""size"":349665}",cmlfggn49000fp30qftxqp2a0,2026-02-09T17:37:59.527Z
cmlfggl5c000cp30qrequ787d,loans/cmlfg5yy50002p30qqaulrt6x/cmlfggl5c000cp30qrequ787d.jpg,"{""originalName"":""Biotin Gummy (60) 6.jpg"",""mimeType"":""image/jpeg"",""size"":433677}",cmlfggn49000fp30qftxqp2a0,2026-02-09T17:37:59.527Z
cmlfggl5d000dp30qs3vg9pcy,loans/cmlfg5yy50002p30qqaulrt6x/cmlfggl5d000dp30qs3vg9pcy.jpg,"{""originalName"":""Biotin Gummy (60) 4.jpg"",""mimeType"":""image/jpeg"",""size"":762618}",cmlfggn49000fp30qftxqp2a0,2026-02-09T17:37:59.528Z
cmlgmpi7g001cp30qtvyo253x,,"{""originalName"":""Screenshot 2025-01-01 at 8.50.21â¯PM (1).png"",""mimeType"":""image/png"",""size"":194023}",,2026-02-10T13:20:39.531Z
cmlgmpi8n001dp30qbmfgoc58,,"{""originalName"":""Screenshot 2025-01-01 at 8.50.21â¯PM.png"",""mimeType"":""image/png"",""size"":83924}",,2026-02-10T13:20:39.531Z
cmlfjnpeu0015p30qtia06wnw,loans/cmlfjmnct000vp30qllwb3p4a/cmlfjnpeu0015p30qtia06wnw.jpg,"{""originalName"":""Bone Gummies (60) 4.jpg"",""mimeType"":""image/jpeg"",""size"":970957}",cmlfjnqy7001ap30qum3arvwn,2026-02-09T19:07:30.532Z
cmlfjnpeu0018p30qsj4anwpz,loans/cmlfjmnct000vp30qllwb3p4a/cmlfjnpeu0018p30qsj4anwpz.jpg,"{""originalName"":""Bone Gummies (60) 5.jpg"",""mimeType"":""image/jpeg"",""size"":1163107}",cmlfjnqy7001ap30qum3arvwn,2026-02-09T19:07:30.532Z
cmlfjnpeu0017p30qeri387ci,loans/cmlfjmnct000vp30qllwb3p4a/cmlfjnpeu0017p30qeri387ci.jpg,"{""originalName"":""Bone Gummies (60) 7.jpg"",""mimeType"":""image/jpeg"",""size"":1300397}",cmlfjnqy7001ap30qum3arvwn,2026-02-09T19:07:30.532Z
cmlfhkry3000hp30qya14qb4w,loans/cmlfg5yy50002p30qqaulrt6x/cmlfhkry3000hp30qya14qb4w.jpg,"{""originalName"":""Bone Gummies (60) 1.jpg"",""mimeType"":""image/jpeg"",""size"":705724}",cmlfhktw6000pp30q91raumod,2026-02-09T18:09:14.617Z
cmlfhkrz1000ip30qqe57iuyh,loans/cmlfg5yy50002p30qqaulrt6x/cmlfhkrz1000ip30qqe57iuyh.jpg,"{""originalName"":""Bone Gummies (60) 2.jpg"",""mimeType"":""image/jpeg"",""size"":1088177}",cmlfhktw6000pp30q91raumod,2026-02-09T18:09:14.617Z
cmlfhkrz8000jp30qkfl8xo3v,loans/cmlfg5yy50002p30qqaulrt6x/cmlfhkrz8000jp30qkfl8xo3v.jpg,"{""originalName"":""Bone Gummies (60) 6.jpg"",""mimeType"":""image/jpeg"",""size"":858419}",cmlfhktw6000pp30q91raumod,2026-02-09T18:09:14.617Z
cmlfjn9u20010p30qxoay2a93,loans/cmlfjmnct000vp30qllwb3p4a/cmlfjn9u20010p30qxoay2a93.jpg,"{""originalName"":""Bone Gummies (60) 5.jpg"",""mimeType"":""image/jpeg"",""size"":1163107}",cmlfjnbwx0014p30q55roffwv,2026-02-09T19:07:10.307Z
cmlfjn9u1000zp30q64qwuvhs,loans/cmlfjmnct000vp30qllwb3p4a/cmlfjn9u1000zp30q64qwuvhs.jpg,"{""originalName"":""Bone Gummies (60) 3.jpg"",""mimeType"":""image/jpeg"",""size"":576018}",cmlfjnbwx0014p30q55roffwv,2026-02-09T19:07:10.308Z
cmlfjn9u50012p30qailgb44n,loans/cmlfjmnct000vp30qllwb3p4a/cmlfjn9u50012p30qailgb44n.jpg,"{""originalName"":""Bone Gummies (60) 7.jpg"",""mimeType"":""image/jpeg"",""size"":1300397}",cmlfjnbwx0014p30q55roffwv,2026-02-09T19:07:10.307Z
cmlfhl5wh000qp30qdkqq7w17,loans/cmlfg5yy50002p30qqaulrt6x/cmlfhl5wh000qp30qdkqq7w17.jpg,"{""originalName"":""Bone Gummies (60) 2.jpg"",""mimeType"":""image/jpeg"",""size"":1088177}",cmlfhl7ts000up30qe8yjdw0d,2026-02-09T18:09:32.704Z
cmlfhl5wh000rp30qsyltc838,loans/cmlfg5yy50002p30qqaulrt6x/cmlfhl5wh000rp30qsyltc838.jpg,"{""originalName"":""Bone Gummies (60) 4.jpg"",""mimeType"":""image/jpeg"",""size"":970957}",cmlfhl7ts000up30qe8yjdw0d,2026-02-09T18:09:32.704Z
cmlfhl5wh000sp30qpzlxhhmh,loans/cmlfg5yy50002p30qqaulrt6x/cmlfhl5wh000sp30qpzlxhhmh.jpg,"{""originalName"":""Bone Gummies (60) 3.jpg"",""mimeType"":""image/jpeg"",""size"":576018}",cmlfhl7ts000up30qe8yjdw0d,2026-02-09T18:09:32.704Z
cmlfjn9sz000wp30qbfbbf23c,loans/cmlfjmnct000vp30qllwb3p4a/cmlfjn9sz000wp30qbfbbf23c.jpg,"{""originalName"":""Bone Gummies (60) 1.jpg"",""mimeType"":""image/jpeg"",""size"":705724}",cmlfjnbwx0014p30q55roffwv,2026-02-09T19:07:10.307Z
cmlfjn9tz000xp30qdzv44y2z,loans/cmlfjmnct000vp30qllwb3p4a/cmlfjn9tz000xp30qdzv44y2z.jpg,"{""originalName"":""Bone Gummies (60) 4.jpg"",""mimeType"":""image/jpeg"",""size"":970957}",cmlfjnbwx0014p30q55roffwv,2026-02-09T19:07:10.308Z
cmlfjn9u30011p30q8689pxlk,loans/cmlfjmnct000vp30qllwb3p4a/cmlfjn9u30011p30q8689pxlk.jpg,"{""originalName"":""Bone Gummies (60) 6.jpg"",""mimeType"":""image/jpeg"",""size"":858419}",cmlfjnbwx0014p30q55roffwv,2026-02-09T19:07:10.307Z
cmlfjn9tz000yp30q5udr8l4y,loans/cmlfjmnct000vp30qllwb3p4a/cmlfjn9tz000yp30q5udr8l4y.jpg,"{""originalName"":""Bone Gummies (60) 2.jpg"",""mimeType"":""image/jpeg"",""size"":1088177}",cmlfjnbwx0014p30q55roffwv,2026-02-09T19:07:10.307Z
cmlfjnpeu0016p30qpmjzj44h,loans/cmlfjmnct000vp30qllwb3p4a/cmlfjnpeu0016p30qpmjzj44h.jpg,"{""originalName"":""Bone Gummies (60) 6.jpg"",""mimeType"":""image/jpeg"",""size"":858419}",cmlfjnqy7001ap30qum3arvwn,2026-02-09T19:07:30.532Z
cmlgni2jx001fp30qjyu8b6yr,loans/cmlgnhjb0001ep30qssdrc9xw/cmlgni2jx001fp30qjyu8b6yr.png,"{""originalName"":""Frame 2147228195.png"",""mimeType"":""image/png"",""size"":1179122}",cmlgni3pr001jp30qn1999avs,2026-02-10T13:42:52.269Z
cmlgni2l6001hp30qhgcq8qlv,loans/cmlgnhjb0001ep30qssdrc9xw/cmlgni2l6001hp30qhgcq8qlv.png,"{""originalName"":""Frame 2147228194.png"",""mimeType"":""image/png"",""size"":1094136}",cmlgni3pr001jp30qn1999avs,2026-02-10T13:42:52.269Z
cmlgni2l0001gp30qcxob2g06,loans/cmlgnhjb0001ep30qssdrc9xw/cmlgni2l0001gp30qcxob2g06.png,"{""originalName"":""Frame 2147228193.png"",""mimeType"":""image/png"",""size"":1024696}",cmlgni3pr001jp30qn1999avs,2026-02-10T13:42:52.269Z
cmlgnor0u001mp30q8820pslg,loans/cmlfg8xcf0003p30qv6pr5zzp/cmlgnor0u001mp30q8820pslg.png,"{""originalName"":""Frame 2147228195.png"",""mimeType"":""image/png"",""size"":1179122}",cmlgnos95001op30qmws0cilh,2026-02-10T13:48:03.876Z
cmlgnor0s001kp30qrlq8t38i,loans/cmlfg8xcf0003p30qv6pr5zzp/cmlgnor0s001kp30qrlq8t38i.png,"{""originalName"":""Frame 2147228193.png"",""mimeType"":""image/png"",""size"":1024696}",cmlgnos95001op30qmws0cilh,2026-02-10T13:48:03.876Z
cmlgnor0t001lp30q7bdba3vz,loans/cmlfg8xcf0003p30qv6pr5zzp/cmlgnor0t001lp30q7bdba3vz.png,"{""originalName"":""Frame 2147228194.png"",""mimeType"":""image/png"",""size"":1094136}",cmlgnos95001op30qmws0cilh,2026-02-10T13:48:03.876Z
cmlgoo4x2001rp30quogyrslf,loans/cmlfg8xcf0003p30qv6pr5zzp/cmlgoo4x2001rp30quogyrslf.png,"{""originalName"":""Rectangle 23175 (1).png"",""mimeType"":""image/png"",""size"":1962643}",cmlgoo6ca001tp30qf80vx3dg,2026-02-10T14:15:34.837Z
cmlgoo4vq001pp30qrktmxkye,loans/cmlfg8xcf0003p30qv6pr5zzp/cmlgoo4vq001pp30qrktmxkye.png,"{""originalName"":""Rectangle 23177 (2).png"",""mimeType"":""image/png"",""size"":2246865}",cmlgoo6ca001tp30qf80vx3dg,2026-02-10T14:15:34.837Z
cmlgoo4x0001qp30qzm7uidu4,loans/cmlfg8xcf0003p30qv6pr5zzp/cmlgoo4x0001qp30qzm7uidu4.png,"{""originalName"":""Ellipse 135.png"",""mimeType"":""image/png"",""size"":78976}",cmlgoo6ca001tp30qf80vx3dg,2026-02-10T14:15:34.837Z
cmlgoq0o0001up30qhpc5bj5x,loans/cmlfg5yy50002p30qqaulrt6x/cmlgoq0o0001up30qhpc5bj5x.png,"{""originalName"":""Group 1707478207.png"",""mimeType"":""image/png"",""size"":1127274}",cmlgoq1sh001xp30qjih11hiw,2026-02-10T14:17:02.688Z
cmlgoq0o2001vp30qes46a2uv,loans/cmlfg5yy50002p30qqaulrt6x/cmlgoq0o2001vp30qes46a2uv.png,"{""originalName"":""Rectangle 88 (1).png"",""mimeType"":""image/png"",""size"":1942399}",cmlgoq1sh001xp30qjih11hiw,2026-02-10T14:17:02.689Z
cmli3u0a30021p30q646dzqlp,loans/cmli3tayf001yp30qnk9ypso3/cmli3u0a30021p30q646dzqlp.png,"{""originalName"":""Frame 2147228193.png"",""mimeType"":""image/png"",""size"":1024696}",cmli3u2zw0023p30qkmnm0jw4,2026-02-11T14:07:49.185Z
cmli3u09u001zp30qb6w0gaj4,loans/cmli3tayf001yp30qnk9ypso3/cmli3u09u001zp30qb6w0gaj4.png,"{""originalName"":""Frame 2147228195.png"",""mimeType"":""image/png"",""size"":1179122}",cmli3u2zw0023p30qkmnm0jw4,2026-02-11T14:07:49.185Z
cmli3u09w0020p30q9uwbtt08,loans/cmli3tayf001yp30qnk9ypso3/cmli3u09w0020p30q9uwbtt08.png,"{""originalName"":""Frame 2147228194.png"",""mimeType"":""image/png"",""size"":1094136}",cmli3u2zw0023p30qkmnm0jw4,2026-02-11T14:07:49.186Z
cmli3urnr0024p30q8lxxvfwc,loans/cmli3tayf001yp30qnk9ypso3/cmli3urnr0024p30q8lxxvfwc.png,"{""originalName"":""garden-modern-residential-building-with-green-lawn-place-relax.png"",""mimeType"":""image/png"",""size"":263549}",cmli3uta10026p30qll1mnz99,2026-02-11T14:08:24.708Z