ID,Member ID,Store Location,Photo URL,Thumbnail URL,Checkout At,Due Date,Returned At,Swapped At,Swapped For ID,Swapped From ID,Created At
cmlfggn49000fp30qftxqp2a0,cmlfg5yy50002p30qqaulrt6x,lockoffroadwheels-test,loans/cmlfg5yy50002p30qqaulrt6x/cmlfggl480007p30qduic9uxe.jpg,loans/cmlfg5yy50002p30qqaulrt6x/cmlfggl480007p30qduic9uxe.jpg,2026-02-09T17:38:02.121Z,2026-03-11T17:38:02.120Z,2026-02-09T17:38:14.201Z,,,,2026-02-09T17:38:02.121Z
cmlfhktw6000pp30q91raumod,cmlfg5yy50002p30qqaulrt6x,MysteryFits,loans/cmlfg5yy50002p30qqaulrt6x/cmlfhkry3000hp30qya14qb4w.jpg,loans/cmlfg5yy50002p30qqaulrt6x/cmlfhkry3000hp30qya14qb4w.jpg,2026-02-09T18:09:17.143Z,2026-03-11T18:09:17.141Z,2026-02-09T18:09:35.195Z,2026-02-09T18:09:35.195Z,cmlfhl7ts000up30qe8yjdw0d,,2026-02-09T18:09:17.143Z
cmlfjnbwx0014p30q55roffwv,cmlfjmnct000vp30qllwb3p4a,Rejoes Mysteryfits,loans/cmlfjmnct000vp30qllwb3p4a/cmlfjn9u20010p30qxoay2a93.jpg,loans/cmlfjmnct000vp30qllwb3p4a/cmlfjn9u20010p30qxoay2a93.jpg,2026-02-09T19:07:13.041Z,2026-03-11T19:07:13.040Z,2026-02-09T19:07:32.525Z,2026-02-09T19:07:32.525Z,cmlfjnqy7001ap30qum3arvwn,,2026-02-09T19:07:13.041Z
cmlfjnqy7001ap30qum3arvwn,cmlfjmnct000vp30qllwb3p4a,Rejoes,loans/cmlfjmnct000vp30qllwb3p4a/cmlfjnpeu0015p30qtia06wnw.jpg,loans/cmlfjmnct000vp30qllwb3p4a/cmlfjnpeu0015p30qtia06wnw.jpg,2026-02-09T19:07:32.525Z,2026-03-11T19:07:32.527Z,2026-02-09T19:07:42.521Z,,,cmlfjnbwx0014p30q55roffwv,2026-02-09T19:07:32.528Z
cmlgni3pr001jp30qn1999avs,cmlgnhjb0001ep30qssdrc9xw,lockoffroadwheels-test,loans/cmlgnhjb0001ep30qssdrc9xw/cmlgni2jx001fp30qjyu8b6yr.png,loans/cmlgnhjb0001ep30qssdrc9xw/cmlgni2jx001fp30qjyu8b6yr.png,2026-02-10T13:42:53.775Z,2026-03-12T13:42:53.775Z,,,,,2026-02-10T13:42:53.775Z
cmlgoo6ca001tp30qf80vx3dg,cmlfg8xcf0003p30qv6pr5zzp,lockoffroadwheels-test,loans/cmlfg8xcf0003p30qv6pr5zzp/cmlgoo4x2001rp30quogyrslf.png,loans/cmlfg8xcf0003p30qv6pr5zzp/cmlgoo4x2001rp30quogyrslf.png,2026-02-10T14:15:36.725Z,2026-03-12T14:15:36.730Z,,,,cmlgnos95001op30qmws0cilh,2026-02-10T14:15:36.731Z
cmlgnos95001op30qmws0cilh,cmlfg8xcf0003p30qv6pr5zzp,Rejoes,loans/cmlfg8xcf0003p30qv6pr5zzp/cmlgnor0u001mp30q8820pslg.png,loans/cmlfg8xcf0003p30qv6pr5zzp/cmlgnor0u001mp30q8820pslg.png,2026-02-10T13:48:05.513Z,2026-03-12T13:48:05.512Z,2026-02-10T14:15:36.725Z,2026-02-10T14:15:36.725Z,cmlgoo6ca001tp30qf80vx3dg,,2026-02-10T13:48:05.513Z
cmlgoq1sh001xp30qjih11hiw,cmlfg5yy50002p30qqaulrt6x,Lockoffroading,loans/cmlfg5yy50002p30qqaulrt6x/cmlgoq0o0001up30qhpc5bj5x.png,loans/cmlfg5yy50002p30qqaulrt6x/cmlgoq0o0001up30qhpc5bj5x.png,2026-02-10T14:17:04.141Z,2026-03-12T14:17:04.145Z,,,,cmlfhl7ts000up30qe8yjdw0d,2026-02-10T14:17:04.146Z
cmlfhl7ts000up30qe8yjdw0d,cmlfg5yy50002p30qqaulrt6x,Rejoes,loans/cmlfg5yy50002p30qqaulrt6x/cmlfhl5wh000qp30qdkqq7w17.jpg,loans/cmlfg5yy50002p30qqaulrt6x/cmlfhl5wh000qp30qdkqq7w17.jpg,2026-02-09T18:09:35.195Z,2026-03-11T18:09:35.199Z,2026-02-10T14:17:04.141Z,2026-02-10T14:17:04.141Z,cmlgoq1sh001xp30qjih11hiw,cmlfhktw6000pp30q91raumod,2026-02-09T18:09:35.200Z
cmli3u2zw0023p30qkmnm0jw4,cmli3tayf001yp30qnk9ypso3,Rejoes Mysteryfits,loans/cmli3tayf001yp30qnk9ypso3/cmli3u0a30021p30q646dzqlp.png,loans/cmli3tayf001yp30qnk9ypso3/cmli3u0a30021p30q646dzqlp.png,2026-02-11T14:07:52.748Z,2026-03-13T14:07:52.747Z,2026-02-11T14:08:26.806Z,2026-02-11T14:08:26.806Z,cmli3uta10026p30qll1mnz99,,2026-02-11T14:07:52.748Z
cmli3uta10026p30qll1mnz99,cmli3tayf001yp30qnk9ypso3,MysteryFits,loans/cmli3tayf001yp30qnk9ypso3/cmli3urnr0024p30q8lxxvfwc.png,loans/cmli3tayf001yp30qnk9ypso3/cmli3urnr0024p30q8lxxvfwc.png,2026-02-11T14:08:26.806Z,2026-03-13T14:08:26.809Z,2026-02-11T14:08:45.579Z,,,cmli3u2zw0023p30qkmnm0jw4,2026-02-11T14:08:26.810Z